{"BNBUSDT": 0.9591836734693877, "XTZUSDT": 0.5, "SHIBUSDT": 0.9948979591836735, "LINKUSDT": 0.9795918367346939, "STETHUSDT": 1.0, "BTCUSDT": 0.7857142857142857, "ETHUSDT": 0.5918367346938775, "XRPUSDT": 0.7704081632653061, "DOTUSDT": 1.0, "MANAUSDT": 1.0, "USDCUSDT": 0.7602040816326531, "ATOMUSDT": 1.0, "GALAUSDT": 1.0, "ARBUSDT": 0.25, "EOSUSDT": 0.9948979591836735, "DOGEUSDT": 0.9387755102040817, "ADAUSDT": 0.7295918367346939, "SOLUSDT": 0.9489795918367347, "HNTUSDT": 0.9897959183673469, "TRXUSDT": 0.9489795918367347, "BABYDOGEUSDT": 0.9948979591836735, "MNTUSDT": 0.9489795918367347, "UNIUSDT": 1.0, "LTCUSDT": 0.9897959183673469, "CHZUSDT": 0.9948979591836735, "DYDXUSDT": 1.0, "LUNCUSDT": 1.0, "USTCUSDT": 1.0, "EOS3SUSDT": 1.0, "AVAXUSDT": 1.0, "LUNAUSDT": 0.9795918367346939, "SUIUSDT": 0.9795918367346939, "PEPE2USDT": 1.0, "METHUSDT": 0.9948979591836735, "XECUSDT": 1.0, "BBSOLUSDT": 1.0, "MOGUSDT": 1.0, "USDTBUSDT": 0.9948979591836735, "PUMPBTCUSDT": 1.0, "NVDAXUSDT": 1.0, "MAVIAUSDT": 0.5153061224489796, "BOBAUSDT": 0.5306122448979592, "PEOPLEUSDT": 0.5714285714285714, "LOOKSUSDT": 0.6071428571428571, "BERAUSDT": 0.9744897959183674, "HUSDT": 0.9532710280373832, "AEROUSDT": 0.5612244897959183, "FLOWUSDT": 0.673469387755102, "KAVAUSDT": 0.5816326530612245, "BATUSDT": 0.6428571428571429, "POPCATUSDT": 0.5561224489795918, "BLASTUSDT": 0.45918367346938777, "PUFFERUSDT": 0.673469387755102}